{
  "090_only_5_plies_from_json": {
    "color": null,
    "001000001": {
      "color": null,
      "Group_001000001": {
        "color": null,
        "Entity_001": {
          "color": "Green",
          "coordinates": [
            [
              1110.4768,
              -1922.335,
              610.00485
            ],
            [
              1074.5926,
              -1942.628,
              610.00458
            ],
            [
              1045.8963,
              -1958.2323,
              610.00437
            ],
            [
              1016.9733,
              -1973.412,
              610.00419
            ],
            [
              987.8296,
              -1988.1637,
              610.00401
            ],
            [
              958.47165,
              -2002.4842,
              610.00385
            ],
            [
              928.9058,
              -2016.3705,
              610.0037
            ],
            [
              899.13848,
              -2029.8194,
              610.00358
            ],
            [
              869.17616,
              -2042.8281,
              610.00348
            ],
            [
              839.02538,
              -2055.3938,
              610.00337
            ],
            [
              808.6927,
              -2067.5138,
              610.00328
            ],
            [
              778.18473,
              -2079.1856,
              610.00321
            ],
            [
              747.50812,
              -2090.4067,
              610.00316
            ],
            [
              716.66955,
              -2101.1747,
              610.00313
            ],
            [
              685.67575,
              -2111.4874,
              610.00312
            ],
            [
              654.53345,
              -2121.3426,
              610.00309
            ],
            [
              623.24943,
              -2130.7382,
              610.00309
            ],
            [
              591.8305,
              -2139.6723,
              610.00312
            ],
            [
              560.28348,
              -2148.143,
              610.00312
            ],
            [
              528.61523,
              -2156.1485,
              610.00315
            ],
            [
              496.83261,
              -2163.6873,
              610.00318
            ],
            [
              464.94253,
              -2170.7576,
              610.00323
            ],
            [
              432.95189,
              -2177.3581,
              610.00326
            ],
            [
              400.86763,
              -2183.4874,
              610.0033
            ],
            [
              368.6967,
              -2189.1441,
              610.00335
            ],
            [
              336.44606,
              -2194.3271,
              610.00339
            ],
            [
              304.12269,
              -2199.0354,
              610.00344
            ],
            [
              271.73359,
              -2203.2678,
              610.00348
            ],
            [
              239.28575,
              -2207.0235,
              610.00353
            ],
            [
              206.7862,
              -2210.3017,
              610.00356
            ],
            [
              174.24196,
              -2213.1018,
              610.0036
            ],
            [
              141.66007,
              -2215.423,
              610.00364
            ],
            [
              109.04758,
              -2217.265,
              610.00368
            ],
            [
              76.411528,
              -2218.6273,
              610.00371
            ],
            [
              43.758974,
              -2219.5097,
              610.00376
            ],
            [
              11.096977,
              -2219.9118,
              610.0038
            ],
            [
              -21.567402,
              -2219.8337,
              610.00385
            ],
            [
              -54.227103,
              -2219.2753,
              610.00391
            ],
            [
              -86.875063,
              -2218.2367,
              610.00395
            ],
            [
              -119.50422,
              -2216.7182,
              610.004
            ],
            [
              -152.10752,
              -2214.7201,
              610.00407
            ],
            [
              -184.67792,
              -2212.2427,
              610.00412
            ],
            [
              -217.20836,
              -2209.2866,
              610.00421
            ],
            [
              -249.69181,
              -2205.8525,
              610.00427
            ],
            [
              -282.12125,
              -2201.941,
              610.00436
            ],
            [
              -314.48965,
              -2197.553,
              610.00446
            ],
            [
              -346.79001,
              -2192.6894,
              610.00456
            ],
            [
              -379.01534,
              -2187.3512,
              610.00466
            ],
            [
              -411.15867,
              -2181.5396,
              610.00479
            ],
            [
              -443.21305,
              -2175.2559,
              610.0049
            ],
            [
              -475.17152,
              -2168.5013,
              610.00505
            ],
            [
              -507.02717,
              -2161.2773,
              610.00519
            ],
            [
              -538.77311,
              -2153.5855,
              610.00533
            ],
            [
              -575.64058,
              -2144.0313,
              610.00279
            ],
            [
              -607.08095,
              -2135.3446,
              610.00297
            ],
            [
              -638.39032,
              -2126.1969,
              610.00315
            ],
            [
              -669.5619,
              -2116.5903,
              610.00333
            ],
            [
              -700.58898,
              -2106.5266,
              610.00351
            ],
            [
              -731.46484,
              -2096.0082,
              610.00371
            ],
            [
              -762.18282,
              -2085.0373,
              610.00391
            ],
            [
              -792.73627,
              -2073.6161,
              610.00413
            ],
            [
              -823.11859,
              -2061.7472,
              610.00433
            ],
            [
              -853.3232,
              -2049.4331,
              610.00455
            ],
            [
              -883.34359,
              -2036.6764,
              610.00478
            ],
            [
              -913.17326,
              -2023.4799,
              610.005
            ],
            [
              -942.80574,
              -2009.8463,
              610.00522
            ],
            [
              -972.23465,
              -1995.7788,
              610.00546
            ],
            [
              -1001.4536,
              -1981.2802,
              610.0057
            ],
            [
              -1030.4563,
              -1966.3536,
              610.00594
            ],
            [
              -1059.2364,
              -1951.0024,
              610.00618
            ],
            [
              -1087.7878,
              -1935.2297,
              610.00642
            ],
            [
              -1109.013,
              -1923.1356,
              610.00659
            ]
          ]
        },
        "Entity_002": {
          "color": "Green",
          "coordinates": [
            [
              -2217.6973,
              -101.71431,
              610.02746
            ],
            [
              -2219.0198,
              -67.024401,
              610.02771
            ],
            [
              -2219.7614,
              -34.414303,
              610.02794
            ],
            [
              -2220.0234,
              -1.749778,
              610.02815
            ],
            [
              -2320.0233,
              -1.749489,
              609.85809
            ]
          ]
        },
        "Entity_003": {
          "color": "Green",
          "coordinates": [
            [
              2518.0077,
              0.343431,
              -24.943554
            ],
            [
              2368.0077,
              0.343431,
              -24.950563
            ],
            [
              2218.0077,
              0.343431,
              -24.957571
            ]
          ]
        },
        "Entity_004": {
          "color": "Green",
          "coordinates": [
            [
              2519.3454,
              -0.059488,
              610.05645
            ],
            [
              2369.3454,
              -0.059488,
              610.04944
            ],
            [
              2219.3454,
              -0.059488,
              610.04243
            ]
          ]
        },
        "Entity_005": {
          "color": "Green",
          "coordinates": [
            [
              -2219.3575,
              -0.037299,
              -24.971849
            ],
            [
              -2319.3573,
              -0.037008,
              -25.141908
            ]
          ]
        },
        "Entity_006": {
          "color": "Green",
          "coordinates": [
            [
              25.834133,
              -2219.9438,
              583.33612
            ],
            [
              -24.165863,
              -2219.9256,
              583.33612
            ],
            [
              -15.83253,
              -2219.9286,
              587.50279
            ]
          ]
        }
      }
    },
    "002000002": {
      "color": null,
      "Group_002000002_R": {
        "color": null,
        "Entity_007": {
          "color": "Green",
          "coordinates": [
            [
              1110.4292,
              -1922.3606,
              535.01109
            ],
            [
              1074.5917,
              -1942.6267,
              535.01099
            ],
            [
              1045.8956,
              -1958.2311,
              535.01093
            ],
            [
              1016.9726,
              -1973.4109,
              535.01084
            ],
            [
              987.82899,
              -1988.1628,
              535.01075
            ],
            [
              958.47113,
              -2002.4835,
              535.01068
            ],
            [
              928.90537,
              -2016.3699,
              535.01054
            ],
            [
              899.13812,
              -2029.819,
              535.01042
            ],
            [
              869.17587,
              -2042.8279,
              535.01027
            ],
            [
              839.02514,
              -2055.3937,
              535.01006
            ],
            [
              808.69249,
              -2067.5138,
              535.00989
            ],
            [
              778.18454,
              -2079.1857,
              535.00968
            ],
            [
              747.50793,
              -2090.4067,
              535.0094
            ],
            [
              716.66935,
              -2101.1747,
              535.00913
            ],
            [
              685.67552,
              -2111.4873,
              535.00883
            ],
            [
              654.53318,
              -2121.3423,
              535.00853
            ],
            [
              623.24912,
              -2130.7378,
              535.00821
            ],
            [
              591.83014,
              -2139.6717,
              535.00788
            ],
            [
              560.28308,
              -2148.1423,
              535.00752
            ],
            [
              528.61478,
              -2156.1476,
              535.00717
            ],
            [
              496.83213,
              -2163.6862,
              535.00684
            ],
            [
              464.94201,
              -2170.7564,
              535.00651
            ],
            [
              432.95134,
              -2177.3567,
              535.00615
            ],
            [
              400.86705,
              -2183.4858,
              535.00585
            ],
            [
              368.6961,
              -2189.1424,
              535.00553
            ],
            [
              336.44544,
              -2194.3253,
              535.00525
            ],
            [
              304.12206,
              -2199.0334,
              535.00499
            ],
            [
              271.73294,
              -2203.2658,
              535.00475
            ],
            [
              239.2851,
              -2207.0214,
              535.00451
            ],
            [
              206.78554,
              -2210.2996,
              535.00433
            ],
            [
              174.2413,
              -2213.0996,
              535.00415
            ],
            [
              141.65941,
              -2215.4208,
              535.00403
            ],
            [
              109.04692,
              -2217.2628,
              535.00392
            ],
            [
              76.41087,
              -2218.6251,
              535.0038
            ],
            [
              43.758318,
              -2219.5074,
              535.00374
            ],
            [
              11.096323,
              -2219.9095,
              535.00368
            ],
            [
              -21.568055,
              -2219.8314,
              535.00366
            ],
            [
              -54.227753,
              -2219.273,
              535.00366
            ],
            [
              -86.87571,
              -2218.2344,
              535.00366
            ],
            [
              -119.50487,
              -2216.7159,
              535.0037
            ],
            [
              -152.10817,
              -2214.7177,
              535.00372
            ],
            [
              -184.67856,
              -2212.2403,
              535.00378
            ],
            [
              -217.20899,
              -2209.2843,
              535.00388
            ],
            [
              -249.69244,
              -2205.8501,
              535.00396
            ],
            [
              -282.12187,
              -2201.9386,
              535.00405
            ],
            [
              -314.49026,
              -2197.5505,
              535.00418
            ],
            [
              -346.79062,
              -2192.6869,
              535.00429
            ],
            [
              -379.01595,
              -2187.3487,
              535.00443
            ],
            [
              -411.15928,
              -2181.5371,
              535.00459
            ],
            [
              -443.21364,
              -2175.2534,
              535.00477
            ],
            [
              -475.17211,
              -2168.4988,
              535.00491
            ],
            [
              -507.02777,
              -2161.2748,
              535.00513
            ],
            [
              -538.77371,
              -2153.5831,
              535.00531
            ],
            [
              -575.64212,
              -2144.0289,
              535.00282
            ],
            [
              -607.08423,
              -2135.3418,
              535.00302
            ],
            [
              -638.39531,
              -2126.1936,
              535.00325
            ],
            [
              -669.56861,
              -2116.5865,
              535.0035
            ],
            [
              -700.59739,
              -2106.5223,
              535.00374
            ],
            [
              -731.47494,
              -2096.0033,
              535.00401
            ],
            [
              -762.19458,
              -2085.0317,
              535.00427
            ],
            [
              -792.74969,
              -2073.6098,
              535.00452
            ],
            [
              -823.13364,
              -2061.7402,
              535.00481
            ],
            [
              -853.33988,
              -2049.4253,
              535.00511
            ],
            [
              -883.36186,
              -2036.6678,
              535.00535
            ],
            [
              -913.19309,
              -2023.4704,
              535.00564
            ],
            [
              -942.82712,
              -2009.836,
              535.00594
            ],
            [
              -972.25753,
              -1995.7674,
              535.00624
            ],
            [
              -1001.478,
              -1981.2677,
              535.00654
            ],
            [
              -1030.4821,
              -1966.3401,
              535.00677
            ],
            [
              -1059.2636,
              -1950.9877,
              535.00707
            ],
            [
              -1087.8164,
              -1935.2138,
              535.00737
            ],
            [
              -1109.1067,
              -1923.0815,
              535.00754
            ]
          ]
        },
        "Entity_008": {
          "color": "Green",
          "coordinates": [
            [
              1110.8288,
              -1922.1466,
              1170.0111
            ],
            [
              1074.5999,
              -1942.6393,
              1170.011
            ],
            [
              1045.9039,
              -1958.244,
              1170.0109
            ],
            [
              1016.9809,
              -1973.4238,
              1170.0108
            ],
            [
              987.83709,
              -1988.1753,
              1170.0107
            ],
            [
              958.47892,
              -2002.4955,
              1170.0107
            ],
            [
              928.91277,
              -2016.3811,
              1170.0105
            ],
            [
              899.1451,
              -2029.8293,
              1170.0104
            ],
            [
              869.1824,
              -2042.8371,
              1170.0103
            ],
            [
              839.03123,
              -2055.402,
              1170.0101
            ],
            [
              808.69818,
              -2067.5211,
              1170.0099
            ],
            [
              778.18986,
              -2079.192,
              1170.0097
            ],
            [
              747.51294,
              -2090.4123,
              1170.0094
            ],
            [
              716.6741,
              -2101.1796,
              1170.0091
            ],
            [
              685.68006,
              -2111.4916,
              1170.0088
            ],
            [
              654.53757,
              -2121.3462,
              1170.0085
            ],
            [
              623.2534,
              -2130.7413,
              1170.0082
            ],
            [
              591.83436,
              -2139.6751,
              1170.0079
            ],
            [
              560.28727,
              -2148.1456,
              1170.0075
            ],
            [
              528.61898,
              -2156.151,
              1170.0072
            ],
            [
              496.83637,
              -2163.6898,
              1170.0068
            ],
            [
              464.94631,
              -2170.7604,
              1170.0065
            ],
            [
              432.95572,
              -2177.3612,
              1170.0061
            ],
            [
              400.87153,
              -2183.4909,
              1170.0058
            ],
            [
              368.70069,
              -2189.1482,
              1170.0055
            ],
            [
              336.45014,
              -2194.3319,
              1170.0052
            ],
            [
              304.12686,
              -2199.0409,
              1170.005
            ],
            [
              271.73785,
              -2203.2742,
              1170.0047
            ],
            [
              239.2901,
              -2207.0308,
              1170.0045
            ],
            [
              206.79063,
              -2210.31,
              1170.0043
            ],
            [
              174.24646,
              -2213.1111,
              1170.0042
            ],
            [
              141.66462,
              -2215.4333,
              1170.004
            ],
            [
              109.05216,
              -2217.2763,
              1170.0039
            ],
            [
              76.416131,
              -2218.6395,
              1170.0038
            ],
            [
              43.763581,
              -2219.5228,
              1170.0037
            ],
            [
              11.101573,
              -2219.9257,
              1170.0037
            ],
            [
              -21.56283,
              -2219.8484,
              1170.0037
            ],
            [
              -54.222564,
              -2219.2906,
              1170.0037
            ],
            [
              -86.870563,
              -2218.2526,
              1170.0037
            ],
            [
              -119.49977,
              -2216.7346,
              1170.0037
            ],
            [
              -152.10311,
              -2214.7368,
              1170.0037
            ],
            [
              -184.67355,
              -2212.2597,
              1170.0038
            ],
            [
              -217.20403,
              -2209.3038,
              1170.0039
            ],
            [
              -249.68752,
              -2205.8698,
              1170.004
            ],
            [
              -282.11698,
              -2201.9583,
              1170.004
            ],
            [
              -314.48539,
              -2197.5702,
              1170.0042
            ],
            [
              -346.78576,
              -2192.7064,
              1170.0043
            ],
            [
              -379.01108,
              -2187.368,
              1170.0044
            ],
            [
              -411.15438,
              -2181.5562,
              1170.0046
            ],
            [
              -443.20871,
              -2175.2721,
              1170.0048
            ],
            [
              -475.16712,
              -2168.5171,
              1170.0049
            ],
            [
              -507.02269,
              -2161.2926,
              1170.0051
            ],
            [
              -538.76853,
              -2153.6003,
              1170.0053
            ],
            [
              -575.62879,
              -2144.0448,
              1170.0028
            ],
            [
              -607.05615,
              -2135.3612,
              1170.003
            ],
            [
              -638.35259,
              -2126.2171,
              1170.0032
            ],
            [
              -669.51136,
              -2116.6142,
              1170.0035
            ],
            [
              -700.52573,
              -2106.5548,
              1170.0037
            ],
            [
              -731.38901,
              -2096.0409,
              1170.004
            ],
            [
              -762.09454,
              -2085.0748,
              1170.0043
            ],
            [
              -792.63569,
              -2073.6589,
              1170.0045
            ],
            [
              -823.00586,
              -2061.7957,
              1170.0048
            ],
            [
              -853.1985,
              -2049.4876,
              1170.0051
            ],
            [
              -883.2071,
              -2036.7374,
              1170.0053
            ],
            [
              -913.02518,
              -2023.5477,
              1170.0056
            ],
            [
              -942.64629,
              -2009.9215,
              1170.0059
            ],
            [
              -972.06404,
              -1995.8616,
              1170.0062
            ],
            [
              -1001.2721,
              -1981.371,
              1170.0065
            ],
            [
              -1030.2641,
              -1966.453,
              1170.0068
            ],
            [
              -1059.0339,
              -1951.1107,
              1170.0071
            ],
            [
              -1087.5751,
              -1935.3474,
              1170.0074
            ],
            [
              -1108.3149,
              -1923.5375,
              1170.0075
            ]
          ]
        },
        "Entity_009": {
          "color": "Green",
          "coordinates": [
            [
              -2217.7059,
              -101.55343,
              535.0369
            ],
            [
              -2219.0258,
              -66.866829,
              535.03716
            ],
            [
              -2219.7649,
              -34.25489,
              535.03739
            ],
            [
              -2220.0244,
              -1.588721,
              535.03769
            ],
            [
              -2320.0242,
              -1.588267,
              534.82509
            ]
          ]
        },
        "Entity_010": {
          "color": "Green",
          "coordinates": [
            [
              -2217.6342,
              -102.91577,
              1170.0369
            ],
            [
              -2218.9772,
              -68.201141,
              1170.0372
            ],
            [
              -2219.7369,
              -35.604803,
              1170.0374
            ],
            [
              -2220.0174,
              -2.952582,
              1170.0377
            ],
            [
              -2320.0172,
              -2.952129,
              1169.8251
            ]
          ]
        },
        "Entity_011": {
          "color": "Green",
          "coordinates": [
            [
              2519.3444,
              -0.059506,
              535.02091
            ],
            [
              2369.3444,
              -0.059506,
              535.022715
            ],
            [
              2219.3444,
              -0.059506,
              535.02452
            ]
          ]
        },
        "Entity_012": {
          "color": "Green",
          "coordinates": [
            [
              2519.3517,
              -0.06099,
              1170.0209
            ],
            [
              2369.3517,
              -0.06099,
              1170.0227
            ],
            [
              2219.3517,
              -0.06099,
              1170.0245
            ]
          ]
        },
        "Entity_013": {
          "color": "Green",
          "coordinates": [
            [
              -23.563746,
              -2219.9428,
              1160.0028
            ],
            [
              -23.563746,
              -2219.9428,
              1126.6695
            ],
            [
              -2.730413,
              -2219.9475,
              1126.6695
            ],
            [
              5.60292,
              -2219.9494,
              1160.0028
            ],
            [
              26.436253,
              -2219.954,
              1160.0028
            ],
            [
              26.436253,
              -2219.954,
              1126.6695
            ]
          ]
        }
      }
    },
    "003000003": {
      "color": null,
      "Group_003000003": {
        "color": null,
        "Entity_014": {
          "color": "Green",
          "coordinates": [
            [
              1110.7827,
              -1922.1711,
              1094.9988
            ],
            [
              1074.5985,
              -1942.6373,
              1094.9986
            ],
            [
              1045.9023,
              -1958.2416,
              1094.9985
            ],
            [
              1016.9791,
              -1973.421,
              1094.9984
            ],
            [
              987.83519,
              -1988.1723,
              1094.9982
            ],
            [
              958.47691,
              -2002.4922,
              1094.9982
            ],
            [
              928.91069,
              -2016.3776,
              1094.9981
            ],
            [
              899.14298,
              -2029.8257,
              1094.9981
            ],
            [
              869.18029,
              -2042.8336,
              1094.9981
            ],
            [
              839.02917,
              -2055.3985,
              1094.9982
            ],
            [
              808.69621,
              -2067.5178,
              1094.9983
            ],
            [
              778.188,
              -2079.1891,
              1094.9985
            ],
            [
              747.51122,
              -2090.4097,
              1094.9986
            ],
            [
              716.67253,
              -2101.1773,
              1094.9988
            ],
            [
              685.67865,
              -2111.4898,
              1094.9991
            ],
            [
              654.53632,
              -2121.3449,
              1094.9994
            ],
            [
              623.25231,
              -2130.7406,
              1094.9997
            ],
            [
              591.83342,
              -2139.6748,
              1094.9999
            ],
            [
              560.28646,
              -2148.1458,
              1095.0003
            ],
            [
              528.61829,
              -2156.1518,
              1095.0006
            ],
            [
              496.83577,
              -2163.6909,
              1095.0009
            ],
            [
              464.94579,
              -2170.7618,
              1095.0012
            ],
            [
              432.95526,
              -2177.3629,
              1095.0014
            ],
            [
              400.87111,
              -2183.4927,
              1095.0017
            ],
            [
              368.70028,
              -2189.1501,
              1095.002
            ],
            [
              336.44974,
              -2194.3338,
              1095.0022
            ],
            [
              304.12645,
              -2199.0427,
              1095.0024
            ],
            [
              271.73743,
              -2203.2758,
              1095.0026
            ],
            [
              239.28966,
              -2207.0322,
              1095.0028
            ],
            [
              206.79016,
              -2210.3111,
              1095.0029
            ],
            [
              174.24597,
              -2213.1118,
              1095.003
            ],
            [
              141.66412,
              -2215.4337,
              1095.003
            ],
            [
              109.05164,
              -2217.2763,
              1095.0031
            ],
            [
              76.415603,
              -2218.6392,
              1095.0031
            ],
            [
              43.76305,
              -2219.522,
              1095.0032
            ],
            [
              11.101045,
              -2219.9247,
              1095.0032
            ],
            [
              -21.56335,
              -2219.847,
              1095.0032
            ],
            [
              -54.223071,
              -2219.289,
              1095.0032
            ],
            [
              -86.871056,
              -2218.2507,
              1095.0034
            ],
            [
              -119.50024,
              -2216.7325,
              1095.0034
            ],
            [
              -152.10358,
              -2214.7346,
              1095.0035
            ],
            [
              -184.674,
              -2212.2574,
              1095.0035
            ],
            [
              -217.20447,
              -2209.3015,
              1095.0036
            ],
            [
              -249.68795,
              -2205.8674,
              1095.0037
            ],
            [
              -282.1174,
              -2201.956,
              1095.0038
            ],
            [
              -314.48582,
              -2197.568,
              1095.004
            ],
            [
              -346.7862,
              -2192.7043,
              1095.0041
            ],
            [
              -379.01153,
              -2187.3661,
              1095.0043
            ],
            [
              -411.15486,
              -2181.5544,
              1095.0044
            ],
            [
              -443.20921,
              -2175.2704,
              1095.0047
            ],
            [
              -475.16764,
              -2168.5156,
              1095.0049
            ],
            [
              -507.02325,
              -2161.2913,
              1095.005
            ],
            [
              -538.76912,
              -2153.5992,
              1095.0053
            ],
            [
              -575.6304,
              -2144.044,
              1095.0028
            ],
            [
              -607.05952,
              -2135.3601,
              1095.003
            ],
            [
              -638.35771,
              -2126.2155,
              1095.0033
            ],
            [
              -669.51821,
              -2116.6122,
              1095.0036
            ],
            [
              -700.53429,
              -2106.5522,
              1095.0038
            ],
            [
              -731.39925,
              -2096.0377,
              1095.0041
            ],
            [
              -762.10644,
              -2085.0709,
              1095.0043
            ],
            [
              -792.64922,
              -2073.6543,
              1095.0046
            ],
            [
              -823.021,
              -2061.7902,
              1095.0048
            ],
            [
              -853.21522,
              -2049.4812,
              1095.0051
            ],
            [
              -883.22537,
              -2036.73,
              1095.0053
            ],
            [
              -913.04496,
              -2023.5394,
              1095.0055
            ],
            [
              -942.66756,
              -2009.9121,
              1095.0057
            ],
            [
              -972.08677,
              -1995.851,
              1095.006
            ],
            [
              -1001.2962,
              -1981.3593,
              1095.0061
            ],
            [
              -1030.2897,
              -1966.4401,
              1095.0064
            ],
            [
              -1059.0608,
              -1951.0965,
              1095.0066
            ],
            [
              -1087.6033,
              -1935.3319,
              1095.0067
            ],
            [
              -1108.4075,
              -1923.4839,
              1095.0069
            ]
          ]
        },
        "Entity_015": {
          "color": "Green",
          "coordinates": [
            [
              1111.1584,
              -1921.957,
              1729.9988
            ],
            [
              1074.6005,
              -1942.6398,
              1729.9986
            ],
            [
              1045.9047,
              -1958.2447,
              1729.9985
            ],
            [
              1016.9819,
              -1973.4247,
              1729.9984
            ],
            [
              987.83829,
              -1988.1764,
              1729.9982
            ],
            [
              958.48026,
              -2002.4966,
              1729.9982
            ],
            [
              928.91421,
              -2016.3822,
              1729.9981
            ],
            [
              899.14659,
              -2029.8303,
              1729.9981
            ],
            [
              869.18393,
              -2042.8381,
              1729.9981
            ],
            [
              839.03277,
              -2055.4027,
              1729.9982
            ],
            [
              808.69971,
              -2067.5216,
              1729.9983
            ],
            [
              778.19136,
              -2079.1922,
              1729.9985
            ],
            [
              747.5144,
              -2090.4122,
              1729.9986
            ],
            [
              716.67552,
              -2101.1791,
              1729.9988
            ],
            [
              685.68145,
              -2111.4908,
              1729.9991
            ],
            [
              654.53894,
              -2121.3451,
              1729.9994
            ],
            [
              623.25477,
              -2130.74,
              1729.9997
            ],
            [
              591.83574,
              -2139.6735,
              1729.9999
            ],
            [
              560.28868,
              -2148.1438,
              1730.0003
            ],
            [
              528.62045,
              -2156.1492,
              1730.0006
            ],
            [
              496.8379,
              -2163.688,
              1730.0009
            ],
            [
              464.94793,
              -2170.7586,
              1730.0012
            ],
            [
              432.95745,
              -2177.3596,
              1730.0014
            ],
            [
              400.87338,
              -2183.4895,
              1730.0017
            ],
            [
              368.70266,
              -2189.1471,
              1730.002
            ],
            [
              336.45225,
              -2194.3312,
              1730.0022
            ],
            [
              304.12911,
              -2199.0406,
              1730.0024
            ],
            [
              271.74023,
              -2203.2743,
              1730.0026
            ],
            [
              239.29261,
              -2207.0314,
              1730.0028
            ],
            [
              206.79327,
              -2210.3111,
              1730.0029
            ],
            [
              174.24921,
              -2213.1126,
              1730.003
            ],
            [
              141.66749,
              -2215.4353,
              1730.003
            ],
            [
              109.05513,
              -2217.2787,
              1730.0031
            ],
            [
              76.419186,
              -2218.6424,
              1730.0031
            ],
            [
              43.766721,
              -2219.526,
              1730.0032
            ],
            [
              11.104791,
              -2219.9293,
              1730.0032
            ],
            [
              -21.559538,
              -2219.8521,
              1730.0032
            ],
            [
              -54.219202,
              -2219.2946,
              1730.0032
            ],
            [
              -86.867134,
              -2218.2568,
              1730.0034
            ],
            [
              -119.49627,
              -2216.7388,
              1730.0034
            ],
            [
              -152.09955,
              -2214.7411,
              1730.0035
            ],
            [
              -184.66992,
              -2212.264,
              1730.0035
            ],
            [
              -217.20033,
              -2209.3081,
              1730.0036
            ],
            [
              -249.68374,
              -2205.874,
              1730.0037
            ],
            [
              -282.11312,
              -2201.9624,
              1730.0038
            ],
            [
              -314.48145,
              -2197.5742,
              1730.004
            ],
            [
              -346.78173,
              -2192.7103,
              1730.0041
            ],
            [
              -379.00697,
              -2187.3718,
              1730.0043
            ],
            [
              -411.15018,
              -2181.5598,
              1730.0044
            ],
            [
              -443.20443,
              -2175.2756,
              1730.0047
            ],
            [
              -475.16275,
              -2168.5205,
              1730.0049
            ],
            [
              -507.01824,
              -2161.296,
              1730.005
            ],
            [
              -538.76401,
              -2153.6037,
              1730.0053
            ],
            [
              -575.61716,
              -2144.0476,
              1730.0028
            ],
            [
              -607.03165,
              -2135.3677,
              1730.003
            ],
            [
              -638.31533,
              -2126.2277,
              1730.0033
            ],
            [
              -669.46147,
              -2116.6293,
              1730.0036
            ],
            [
              -700.46334,
              -2106.5748,
              1730.0038
            ],
            [
              -731.31427,
              -2096.0662,
              1730.0041
            ],
            [
              -762.00759,
              -2085.1058,
              1730.0043
            ],
            [
              -792.5367,
              -2073.696,
              1730.0045
            ],
            [
              -822.895,
              -2061.8392,
              1730.0048
            ],
            [
              -853.07594,
              -2049.5379,
              1730.0051
            ],
            [
              -883.07303,
              -2036.7948,
              1730.0053
            ],
            [
              -912.87977,
              -2023.6127,
              1730.0055
            ],
            [
              -942.48976,
              -2009.9943,
              1730.0058
            ],
            [
              -971.89658,
              -1995.9426,
              1730.006
            ],
            [
              -1001.0939,
              -1981.4607,
              1730.0061
            ],
            [
              -1030.0754,
              -1966.5515,
              1730.0064
            ],
            [
              -1058.8349,
              -1951.2184,
              1730.0066
            ],
            [
              -1087.3661,
              -1935.4646,
              1730.0067
            ],
            [
              -1107.6296,
              -1923.9333,
              1730.0069
            ]
          ]
        },
        "Entity_016": {
          "color": "Green",
          "coordinates": [
            [
              -2217.6419,
              -102.75479,
              1095.0169
            ],
            [
              -2218.9824,
              -68.043489,
              1095.017
            ],
            [
              -2219.7397,
              -35.445305,
              1095.017
            ],
            [
              -2220.0178,
              -2.791426,
              1095.017
            ],
            [
              -2320.0176,
              -2.79097,
              1094.8027
            ]
          ]
        },
        "Entity_017": {
          "color": "Green",
          "coordinates": [
            [
              -2217.578,
              -104.11667,
              1730.0169
            ],
            [
              -2218.9406,
              -69.377126,
              1730.0169
            ],
            [
              -2219.7174,
              -36.794566,
              1730.017
            ],
            [
              -2220.0154,
              -4.154783,
              1730.0169
            ],
            [
              -2320.0152,
              -4.154326,
              1729.8027
            ]
          ]
        },
        "Entity_018": {
          "color": "Green",
          "coordinates": [
            [
              2519.3513,
              -0.060286,
              1094.9938
            ],
            [
              2369.3513,
              -0.060286,
              1094.9993
            ],
            [
              2219.3513,
              -0.060286,
              1095.0048
            ]
          ]
        },
        "Entity_019": {
          "color": "Green",
          "coordinates": [
            [
              2519.3483,
              -0.066594,
              1729.9938
            ],
            [
              2369.3483,
              -0.066594,
              1729.9993
            ],
            [
              2219.3483,
              -0.066594,
              1730.0048
            ]
          ]
        },
        "Entity_020": {
          "color": "Green",
          "coordinates": [
            [
              -22.977862,
              -2219.9518,
              1719.9981
            ],
            [
              -22.977862,
              -2219.9518,
              1686.6648
            ],
            [
              27.022138,
              -2219.95,
              1686.6648
            ],
            [
              27.022138,
              -2219.95,
              1719.9981
            ]
          ]
        },
        "Entity_021": {
          "color": "Green",
          "coordinates": [
            [
              2.022138,
              -2219.9509,
              1719.9981
            ],
            [
              2.022138,
              -2219.9509,
              1686.6648
            ]
          ]
        }
      }
    },
    "004000004": {
      "color": null,
      "Group_004000004_R": {
        "color": null,
        "Entity_022": {
          "color": "Green",
          "coordinates": [
            [
              1110.259,
              -1922.2608,
              375.00893
            ],
            [
              1074.5036,
              -1942.4793,
              375.00877
            ],
            [
              1045.8088,
              -1958.0827,
              375.00866
            ],
            [
              1016.8873,
              -1973.2615,
              375.00855
            ],
            [
              987.74514,
              -1988.0124,
              375.00845
            ],
            [
              958.38877,
              -2002.3322,
              375.00833
            ],
            [
              928.82452,
              -2016.2178,
              375.00824
            ],
            [
              899.05881,
              -2029.666,
              375.00813
            ],
            [
              869.09811,
              -2042.6741,
              375.00804
            ],
            [
              838.94894,
              -2055.2392,
              375.00795
            ],
            [
              808.61787,
              -2067.3586,
              375.00786
            ],
            [
              778.11151,
              -2079.0297,
              375.00779
            ],
            [
              747.4365,
              -2090.2501,
              375.00772
            ],
            [
              716.59953,
              -2101.0174,
              375.00764
            ],
            [
              685.60732,
              -2111.3294,
              375.00758
            ],
            [
              654.46661,
              -2121.1838,
              375.00751
            ],
            [
              623.18419,
              -2130.5787,
              375.00745
            ],
            [
              591.76686,
              -2139.512,
              375.0074
            ],
            [
              560.22144,
              -2147.982,
              375.00734
            ],
            [
              528.55479,
              -2155.9868,
              375.00728
            ],
            [
              496.77379,
              -2163.5248,
              375.00724
            ],
            [
              464.88533,
              -2170.5945,
              375.00719
            ],
            [
              432.89632,
              -2177.1943,
              375.00713
            ],
            [
              400.81369,
              -2183.3228,
              375.00709
            ],
            [
              368.6444,
              -2188.9788,
              375.00705
            ],
            [
              336.39541,
              -2194.1612,
              375.00699
            ],
            [
              304.0737,
              -2198.8687,
              375.00694
            ],
            [
              271.68626,
              -2203.1005,
              375.00688
            ],
            [
              239.24009,
              -2206.8555,
              375.00684
            ],
            [
              206.74222,
              -2210.1331,
              375.00678
            ],
            [
              174.19968,
              -2212.9325,
              375.00672
            ],
            [
              141.61949,
              -2215.2532,
              375.00666
            ],
            [
              109.0087,
              -2217.0945,
              375.0066
            ],
            [
              76.374357,
              -2218.4562,
              375.00654
            ],
            [
              43.723524,
              -2219.3379,
              375.00648
            ],
            [
              11.063257,
              -2219.7395,
              375.00642
            ],
            [
              -21.599385,
              -2219.6608,
              375.00636
            ],
            [
              -54.257339,
              -2219.1018,
              375.0063
            ],
            [
              -86.903543,
              -2218.0627,
              375.00624
            ],
            [
              -119.53094,
              -2216.5436,
              375.00618
            ],
            [
              -152.13247,
              -2214.5449,
              375.00611
            ],
            [
              -184.70108,
              -2212.067,
              375.00605
            ],
            [
              -217.22973,
              -2209.1105,
              375.00599
            ],
            [
              -249.71138,
              -2205.6758,
              375.00593
            ],
            [
              -282.13901,
              -2201.7638,
              375.00587
            ],
            [
              -314.5056,
              -2197.3754,
              375.00582
            ],
            [
              -346.80414,
              -2192.5113,
              375.00576
            ],
            [
              -379.02765,
              -2187.1728,
              375.0057
            ],
            [
              -411.16916,
              -2181.3609,
              375.00565
            ],
            [
              -443.2217,
              -2175.0768,
              375.0056
            ],
            [
              -475.17834,
              -2168.322,
              375.00556
            ],
            [
              -507.03217,
              -2161.0978,
              375.00551
            ],
            [
              -538.77628,
              -2153.4059,
              375.00547
            ],
            [
              -575.64348,
              -2143.8512,
              375.00269
            ],
            [
              -607.08563,
              -2135.1634,
              375.00266
            ],
            [
              -638.39675,
              -2126.0145,
              375.00262
            ],
            [
              -669.57007,
              -2116.4066,
              375.00259
            ],
            [
              -700.59884,
              -2106.3417,
              375.00255
            ],
            [
              -731.47637,
              -2095.8219,
              375.00252
            ],
            [
              -762.19597,
              -2084.8495,
              375.00249
            ],
            [
              -792.751,
              -2073.4268,
              375.00246
            ],
            [
              -823.13486,
              -2061.5563,
              375.00243
            ],
            [
              -853.34096,
              -2049.2405,
              375.0024
            ],
            [
              -883.36279,
              -2036.482,
              375.00237
            ],
            [
              -913.19383,
              -2023.2837,
              375.00234
            ],
            [
              -942.82764,
              -2009.6482,
              375.00232
            ],
            [
              -972.2578,
              -1995.5786,
              375.00229
            ],
            [
              -1001.4779,
              -1981.0778,
              375.00226
            ],
            [
              -1030.4817,
              -1966.149,
              375.00225
            ],
            [
              -1059.2629,
              -1950.7954,
              375.00222
            ],
            [
              -1087.8152,
              -1935.0203,
              375.00219
            ],
            [
              -1109.1909,
              -1922.8381,
              375.00217
            ]
          ]
        },
        "Entity_023": {
          "color": "Green",
          "coordinates": [
            [
              -2217.5515,
              -101.26465,
              375.00114
            ],
            [
              -2218.8663,
              -66.578232,
              375.00113
            ],
            [
              -2219.601,
              -33.965969,
              375.00111
            ],
            [
              -2219.8562,
              -1.299607,
              375.0011
            ],
            [
              -2319.8579,
              -1.14062,
              374.83031
            ]
          ]
        },
        "Entity_024": {
          "color": "Green",
          "coordinates": [
            [
              2518.0077,
              0.343405,
              -25.005181
            ],
            [
              2368.0077,
              0.343405,
              -25.004856
            ],
            [
              2218.0077,
              0.343405,
              -25.00453
            ]
          ]
        },
        "Entity_025": {
          "color": "Green",
          "coordinates": [
            [
              2519.0099,
              0.044745,
              374.99482
            ],
            [
              2369.0099,
              0.044745,
              374.995145
            ],
            [
              2219.0099,
              0.044745,
              374.99547
            ]
          ]
        },
        "Entity_026": {
          "color": "Green",
          "coordinates": [
            [
              -2219.3575,
              -0.037315,
              -24.9989
            ],
            [
              -2319.3573,
              -0.037022,
              -25.169689
            ]
          ]
        },
        "Entity_027": {
          "color": "Green",
          "coordinates": [
            [
              -24.390842,
              -2219.7397,
              364.99295
            ],
            [
              0.609133,
              -2219.7488,
              364.99295
            ],
            [
              0.609133,
              -2219.7488,
              331.65962
            ]
          ]
        },
        "Entity_028": {
          "color": "Green",
          "coordinates": [
            [
              -24.390842,
              -2219.7397,
              331.65962
            ],
            [
              25.609109,
              -2219.7579,
              331.65962
            ]
          ]
        }
      }
    },
    "005000005": {
      "color": null,
      "Group_005000005": {
        "color": null,
        "Entity_029": {
          "color": "Green",
          "coordinates": [
            [
              1110.1701,
              -1922.1937,
              300.00616
            ],
            [
              1074.4509,
              -1942.3912,
              300.00564
            ],
            [
              1045.7569,
              -1957.9938,
              300.00524
            ],
            [
              1016.8362,
              -1973.172,
              300.00489
            ],
            [
              987.69495,
              -1987.9223,
              300.00457
            ],
            [
              958.33945,
              -2002.2416,
              300.00424
            ],
            [
              928.77609,
              -2016.1265,
              300.00397
            ],
            [
              899.01128,
              -2029.5743,
              300.0037
            ],
            [
              869.05149,
              -2042.5818,
              300.00346
            ],
            [
              838.90325,
              -2055.1464,
              300.00326
            ],
            [
              808.57312,
              -2067.2653,
              300.00308
            ],
            [
              778.06771,
              -2078.936,
              300.00293
            ],
            [
              747.39367,
              -2090.1561,
              300.00281
            ],
            [
              716.55767,
              -2100.923,
              300.00269
            ],
            [
              685.56644,
              -2111.2346,
              300.0026
            ],
            [
              654.42672,
              -2121.0887,
              300.00251
            ],
            [
              623.14529,
              -2130.4832,
              300.00248
            ],
            [
              591.72895,
              -2139.4163,
              300.00245
            ],
            [
              560.18454,
              -2147.8859,
              300.00239
            ],
            [
              528.51889,
              -2155.8905,
              300.00239
            ],
            [
              496.73889,
              -2163.4282,
              300.00239
            ],
            [
              464.85143,
              -2170.4975,
              300.00239
            ],
            [
              432.86343,
              -2177.097,
              300.00239
            ],
            [
              400.78181,
              -2183.2253,
              300.00242
            ],
            [
              368.61353,
              -2188.881,
              300.00245
            ],
            [
              336.36554,
              -2194.063,
              300.00245
            ],
            [
              304.04484,
              -2198.7702,
              300.00248
            ],
            [
              271.6584,
              -2203.0016,
              300.00251
            ],
            [
              239.21325,
              -2206.7564,
              300.00251
            ],
            [
              206.7164,
              -2210.0336,
              300.00257
            ],
            [
              174.17487,
              -2212.8327,
              300.00257
            ],
            [
              141.5957,
              -2215.153,
              300.00263
            ],
            [
              108.98593,
              -2216.994,
              300.00263
            ],
            [
              76.352622,
              -2218.3553,
              300.00269
            ],
            [
              43.702824,
              -2219.2367,
              300.00275
            ],
            [
              11.043596,
              -2219.6379,
              300.00278
            ],
            [
              -21.618001,
              -2219.5588,
              300.00281
            ],
            [
              -54.274904,
              -2218.9995,
              300.00287
            ],
            [
              -86.920053,
              -2217.96,
              300.00297
            ],
            [
              -119.54639,
              -2216.4406,
              300.00305
            ],
            [
              -152.14685,
              -2214.4416,
              300.00311
            ],
            [
              -184.71439,
              -2211.9634,
              300.00323
            ],
            [
              -217.24197,
              -2209.0065,
              300.00333
            ],
            [
              -249.72254,
              -2205.5716,
              300.00346
            ],
            [
              -282.14909,
              -2201.6594,
              300.00358
            ],
            [
              -314.51459,
              -2197.2707,
              300.00376
            ],
            [
              -346.81204,
              -2192.4064,
              300.00392
            ],
            [
              -379.03446,
              -2187.0677,
              300.0041
            ],
            [
              -411.17487,
              -2181.2556,
              300.00428
            ],
            [
              -443.22631,
              -2174.9713,
              300.00452
            ],
            [
              -475.18185,
              -2168.2163,
              300.00476
            ],
            [
              -507.03457,
              -2160.992,
              300.00499
            ],
            [
              -538.77758,
              -2153.2999,
              300.00523
            ],
            [
              -575.64388,
              -2143.7453,
              300.00289
            ],
            [
              -607.08558,
              -2135.0572,
              300.00314
            ],
            [
              -638.39624,
              -2125.9081,
              300.00346
            ],
            [
              -669.56909,
              -2116.2999,
              300.00378
            ],
            [
              -700.59738,
              -2106.2347,
              300.00409
            ],
            [
              -731.47442,
              -2095.7146,
              300.00445
            ],
            [
              -762.19353,
              -2084.7419,
              300.00481
            ],
            [
              -792.74806,
              -2073.3189,
              300.00516
            ],
            [
              -823.1314,
              -2061.448,
              300.00552
            ],
            [
              -853.33698,
              -2049.1319,
              300.00593
            ],
            [
              -883.35827,
              -2036.3731,
              300.0063
            ],
            [
              -913.18877,
              -2023.1744,
              300.0067
            ],
            [
              -942.82201,
              -2009.5386,
              300.00712
            ],
            [
              -972.2516,
              -1995.4686,
              300.00749
            ],
            [
              -1001.4711,
              -1980.9674,
              300.0079
            ],
            [
              -1030.4743,
              -1966.0383,
              300.00831
            ],
            [
              -1059.2549,
              -1950.6843,
              300.00874
            ],
            [
              -1087.8065,
              -1934.9087,
              300.00916
            ],
            [
              -1109.2151,
              -1922.7072,
              300.00947
            ]
          ]
        },
        "Entity_030": {
          "color": "Green",
          "coordinates": [
            [
              1110.6829,
              -1922.2241,
              935.00616
            ],
            [
              1074.5961,
              -1942.6336,
              935.00564
            ],
            [
              1045.8997,
              -1958.2375,
              935.00524
            ],
            [
              1016.9763,
              -1973.4166,
              935.00489
            ],
            [
              987.83226,
              -1988.1676,
              935.00457
            ],
            [
              958.47392,
              -2002.4873,
              935.00424
            ],
            [
              928.90768,
              -2016.3727,
              935.00397
            ],
            [
              899.14,
              -2029.8209,
              935.0037
            ],
            [
              869.17739,
              -2042.8289,
              935.00346
            ],
            [
              839.02638,
              -2055.3941,
              935.00326
            ],
            [
              808.69356,
              -2067.5138,
              935.00308
            ],
            [
              778.18552,
              -2079.1854,
              935.00293
            ],
            [
              747.50891,
              -2090.4065,
              935.00281
            ],
            [
              716.67041,
              -2101.1747,
              935.00269
            ],
            [
              685.67671,
              -2111.4877,
              935.0026
            ],
            [
              654.53456,
              -2121.3434,
              935.00251
            ],
            [
              623.25072,
              -2130.7396,
              935.00248
            ],
            [
              591.83198,
              -2139.6743,
              935.00245
            ],
            [
              560.28516,
              -2148.1458,
              935.00239
            ],
            [
              528.6171,
              -2156.1521,
              935.00239
            ],
            [
              496.83466,
              -2163.6917,
              935.00239
            ],
            [
              464.94474,
              -2170.7628,
              935.00239
            ],
            [
              432.95425,
              -2177.364,
              935.00239
            ],
            [
              400.87012,
              -2183.4939,
              935.00242
            ],
            [
              368.69929,
              -2189.1513,
              935.00245
            ],
            [
              336.44873,
              -2194.3348,
              935.00245
            ],
            [
              304.12542,
              -2199.0435,
              935.00248
            ],
            [
              271.73636,
              -2203.2763,
              935.00251
            ],
            [
              239.28856,
              -2207.0324,
              935.00251
            ],
            [
              206.78903,
              -2210.3109,
              935.00257
            ],
            [
              174.2448,
              -2213.1111,
              935.00257
            ],
            [
              141.66292,
              -2215.4326,
              935.00263
            ],
            [
              109.05043,
              -2217.2747,
              935.00263
            ],
            [
              76.414374,
              -2218.6371,
              935.00269
            ],
            [
              43.761815,
              -2219.5194,
              935.00275
            ],
            [
              11.099812,
              -2219.9216,
              935.00278
            ],
            [
              -21.564575,
              -2219.8435,
              935.00281
            ],
            [
              -54.224283,
              -2219.2852,
              935.00287
            ],
            [
              -86.872252,
              -2218.2466,
              935.00297
            ],
            [
              -119.50142,
              -2216.7282,
              935.00305
            ],
            [
              -152.10474,
              -2214.7301,
              935.00311
            ],
            [
              -184.67514,
              -2212.2528,
              935.00323
            ],
            [
              -217.2056,
              -2209.2968,
              935.00333
            ],
            [
              -249.68907,
              -2205.8627,
              935.00346
            ],
            [
              -282.11853,
              -2201.9513,
              935.00358
            ],
            [
              -314.48695,
              -2197.5634,
              935.00376
            ],
            [
              -346.78733,
              -2192.6999,
              935.00392
            ],
            [
              -379.01269,
              -2187.3618,
              935.0041
            ],
            [
              -411.15604,
              -2181.5502,
              935.00428
            ],
            [
              -443.21043,
              -2175.2665,
              935.00452
            ],
            [
              -475.1689,
              -2168.5119,
              935.00476
            ],
            [
              -507.02455,
              -2161.2879,
              935.00499
            ],
            [
              -538.77047,
              -2153.596,
              935.00523
            ],
            [
              -575.6337,
              -2144.0407,
              935.00289
            ],
            [
              -607.06655,
              -2135.356,
              935.00314
            ],
            [
              -638.36844,
              -2126.2104,
              935.00346
            ],
            [
              -669.5326,
              -2116.606,
              935.00378
            ],
            [
              -700.55231,
              -2106.5448,
              935.00409
            ],
            [
              -731.42086,
              -2096.029,
              935.00445
            ],
            [
              -762.13159,
              -2085.0608,
              935.00481
            ],
            [
              -792.67787,
              -2073.6426,
              935.00516
            ],
            [
              -823.05309,
              -2061.7768,
              935.00552
            ],
            [
              -853.2507,
              -2049.4661,
              935.00593
            ],
            [
              -883.26418,
              -2036.713,
              935.0063
            ],
            [
              -913.08705,
              -2023.5203,
              935.0067
            ],
            [
              -942.71285,
              -2009.8908,
              935.00712
            ],
            [
              -972.1352,
              -1995.8275,
              935.00749
            ],
            [
              -1001.3477,
              -1981.3334,
              935.0079
            ],
            [
              -1030.3442,
              -1966.4117,
              935.00831
            ],
            [
              -1059.1182,
              -1951.0654,
              935.00874
            ],
            [
              -1087.6636,
              -1935.2981,
              935.00916
            ],
            [
              -1108.6064,
              -1923.3694,
              935.00947
            ]
          ]
        },
        "Entity_031": {
          "color": "Green",
          "coordinates": [
            [
              -2217.4561,
              -101.13653,
              300.04719
            ],
            [
              -2218.7689,
              -66.449324,
              300.04763
            ],
            [
              -2219.5018,
              -33.837385,
              300.04799
            ],
            [
              -2219.755,
              -1.171368,
              300.04841
            ],
            [
              -2319.7577,
              -0.917058,
              299.83615
            ]
          ]
        },
        "Entity_032": {
          "color": "Green",
          "coordinates": [
            [
              -2217.6601,
              -102.4116,
              935.04719
            ],
            [
              -2218.9941,
              -67.707336,
              935.04763
            ],
            [
              -2219.7463,
              -35.10522,
              935.04799
            ],
            [
              -2220.0192,
              -2.44782,
              935.04841
            ],
            [
              -2320.019,
              -2.447367,
              934.83615
            ]
          ]
        },
        "Entity_033": {
          "color": "Green",
          "coordinates": [
            [
              2518.8096,
              0.107234,
              300.08167
            ],
            [
              2368.8096,
              0.107234,
              300.07717
            ],
            [
              2218.8096,
              0.107234,
              300.07267
            ]
          ]
        },
        "Entity_034": {
          "color": "Green",
          "coordinates": [
            [
              2519.3499,
              -0.05941,
              935.08167
            ],
            [
              2369.3499,
              -0.05941,
              935.07717
            ],
            [
              2219.3499,
              -0.05941,
              935.07267
            ]
          ]
        },
        "Entity_035": {
          "color": "Green",
          "coordinates": [
            [
              26.18522,
              -2219.9494,
              925.00239
            ],
            [
              26.18522,
              -2219.9494,
              891.66906
            ],
            [
              1.185221,
              -2219.9438,
              891.66906
            ],
            [
              -2.981446,
              -2219.9428,
              925.00239
            ],
            [
              -23.814779,
              -2219.9382,
              925.00239
            ],
            [
              -23.814779,
              -2219.9382,
              891.66906
            ]
          ]
        }
      }
    }
  }
}