{
    "name": "TensorFlow-2.4-GPU",
    "version": null,
    "environmentVariables": {
        "EXAMPLE_ENV_VAR": "EXAMPLE_VALUE"
    },
    "python": {
        "userManagedDependencies": false,
        "interpreterPath": "python",
        "condaDependenciesFile": null,
        "baseCondaEnvironment": null
    },
    "docker": {
        "enabled": true,
        "baseImage": "mcr.microsoft.com/azureml/openmpi4.1.0-cuda11.0.3-cudnn8-ubuntu18.04:20210806.v1",
        "baseDockerfile": null,
        "sharedVolumes": true,
        "shmSize": null,
        "arguments": [
            "-v",
            "FILL_VOLUME",
            "-p",
            "FILL_PORT"
        ],
        "baseImageRegistry": {
            "address": null,
            "username": null,
            "password": null,
            "registryIdentity": null
        },
        "platform": {
            "os": "Linux",
            "architecture": "amd64"
        }
    },
    "spark": {
        "repositories": [],
        "packages": [],
        "precachePackages": true
    },
    "databricks": {
        "mavenLibraries": [],
        "pypiLibraries": [],
        "rcranLibraries": [],
        "jarLibraries": [],
        "eggLibraries": []
    },
    "r": null,
    "inferencingStackVersion": null
}
